{"cameraMode":{"drawMode":0,"name":"Shaded","section":"Shading Mode"},"sceneLighting":true,"audioPlay":false,"sceneViewState":{"m_AlwaysRefresh":false,"showFog":true,"showSkybox":true,"showFlares":true,"showImageEffects":true,"showParticleSystems":true,"showVisualEffectGraphs":true,"m_FxEnabled":true},"in2DMode":false,"pivot":{"x":-0.6872444748878479,"y":-3.8408384323120119,"z":0.3053915500640869},"rotation":{"x":0.03718821704387665,"y":-0.013783649541437626,"z":-0.0005139029817655683,"w":-0.9992209076881409},"size":2.080825090408325,"orthographic":false}